Greedy,LP
0.00175189971924,0.644289016724
0.201972961426,255.236565113
